Address,Property,Street,Unit
1 Hidden Creek Blvb.,Hidden Creek Apartments,Hidden Creek Blvb.,1
1 Mystyc Ct.,Hidden Creek Apartments,Mystyc Ct.,1
1 Silver Ct.,Hidden Creek Apartments,Silver Ct.,1
1 Galleon Ct.,Hidden Creek Apartments,Galleon Ct.,1
1 Overview Ct.,Hidden Creek Apartments,Overview Ct.,1
1 Leeward Ct.,Hidden Creek Apartments,Leeward Ct.,1
1 Staysail Ct.,Hidden Creek Apartments,Staysail Ct.,1
2 Mystyc Ct.,Hidden Creek Apartments,Mystyc Ct.,2
2 Silver Ct.,Hidden Creek Apartments,Silver Ct.,2
2 Galleon Ct.,Hidden Creek Apartments,Galleon Ct.,2
2 Overview Ct.,Hidden Creek Apartments,Overview Ct.,2
2 Leeward Ct.,Hidden Creek Apartments,Leeward Ct.,2
2 Staysail Ct.,Hidden Creek Apartments,Staysail Ct.,2
3 Mystyc Ct.,Hidden Creek Apartments,Mystyc Ct.,3
3 Silver Ct.,Hidden Creek Apartments,Silver Ct.,3
3 Galleon Ct.,Hidden Creek Apartments,Galleon Ct.,3
3 Overview Ct.,Hidden Creek Apartments,Overview Ct.,3
3 Leeward Ct.,Hidden Creek Apartments,Leeward Ct.,3
3 Staysail Ct.,Hidden Creek Apartments,Staysail Ct.,3
4 Mystyc Ct.,Hidden Creek Apartments,Mystyc Ct.,4
4 Silver Ct.,Hidden Creek Apartments,Silver Ct.,4
4 Galleon Ct.,Hidden Creek Apartments,Galleon Ct.,4
4 Overview Ct.,Hidden Creek Apartments,Overview Ct.,4
4 Leeward Ct.,Hidden Creek Apartments,Leeward Ct.,4
4 Staysail Ct.,Hidden Creek Apartments,Staysail Ct.,4
5 Mystyc Ct.,Hidden Creek Apartments,Mystyc Ct.,5
5 Silver Ct.,Hidden Creek Apartments,Silver Ct.,5
5 Galleon Ct.,Hidden Creek Apartments,Galleon Ct.,5
5 Overview Ct.,Hidden Creek Apartments,Overview Ct.,5
5 Leeward Ct.,Hidden Creek Apartments,Leeward Ct.,5
5 Staysail Ct.,Hidden Creek Apartments,Staysail Ct.,5
6 Mystyc Ct.,Hidden Creek Apartments,Mystyc Ct.,6
6 Silver Ct.,Hidden Creek Apartments,Silver Ct.,6
6 Galleon Ct.,Hidden Creek Apartments,Galleon Ct.,6
6 Overview Ct.,Hidden Creek Apartments,Overview Ct.,6
6 Leeward Ct.,Hidden Creek Apartments,Leeward Ct.,6
6 Staysail Ct.,Hidden Creek Apartments,Staysail Ct.,6
7 Mystyc Ct.,Hidden Creek Apartments,Mystyc Ct.,7
7 Silver Ct.,Hidden Creek Apartments,Silver Ct.,7
7 Galleon Ct.,Hidden Creek Apartments,Galleon Ct.,7
7 Overview Ct.,Hidden Creek Apartments,Overview Ct.,7
7 Leeward Ct.,Hidden Creek Apartments,Leeward Ct.,7
7 Staysail Ct.,Hidden Creek Apartments,Staysail Ct.,7
8 Mystyc Ct.,Hidden Creek Apartments,Mystyc Ct.,8
8 Silver Ct.,Hidden Creek Apartments,Silver Ct.,8
8 Galleon Ct.,Hidden Creek Apartments,Galleon Ct.,8
8 Overview Ct.,Hidden Creek Apartments,Overview Ct.,8
8 Leeward Ct.,Hidden Creek Apartments,Leeward Ct.,8
8 Staysail Ct.,Hidden Creek Apartments,Staysail Ct.,8
9 Mystyc Ct.,Hidden Creek Apartments,Mystyc Ct.,9
9 Silver Ct.,Hidden Creek Apartments,Silver Ct.,9
9 Galleon Ct.,Hidden Creek Apartments,Galleon Ct.,9
9 Overview Ct.,Hidden Creek Apartments,Overview Ct.,9
9 Leeward Ct.,Hidden Creek Apartments,Leeward Ct.,9
9 Staysail Ct.,Hidden Creek Apartments,Staysail Ct.,9
10 Mystyc Ct.,Hidden Creek Apartments,Mystyc Ct.,10
10 Silver Ct.,Hidden Creek Apartments,Silver Ct.,10
10 Galleon Ct.,Hidden Creek Apartments,Galleon Ct.,10
10 Overview Ct.,Hidden Creek Apartments,Overview Ct.,10
10 Leeward Ct.,Hidden Creek Apartments,Leeward Ct.,10
10 Staysail Ct.,Hidden Creek Apartments,Staysail Ct.,10
11 Mystyc Ct.,Hidden Creek Apartments,Mystyc Ct.,11
11 Silver Ct.,Hidden Creek Apartments,Silver Ct.,11
11 Galleon Ct.,Hidden Creek Apartments,Galleon Ct.,11
11 Overview Ct.,Hidden Creek Apartments,Overview Ct.,11
11 Leeward Ct.,Hidden Creek Apartments,Leeward Ct.,11
11 Staysail Ct.,Hidden Creek Apartments,Staysail Ct.,11
12 Mystyc Ct.,Hidden Creek Apartments,Mystyc Ct.,12
12 Silver Ct.,Hidden Creek Apartments,Silver Ct.,12
12 Galleon Ct.,Hidden Creek Apartments,Galleon Ct.,12
12 Overview Ct.,Hidden Creek Apartments,Overview Ct.,12
12 Leeward Ct.,Hidden Creek Apartments,Leeward Ct.,12
12 Staysail Ct.,Hidden Creek Apartments,Staysail Ct.,12
13 Mystyc Ct.,Hidden Creek Apartments,Mystyc Ct.,13
13 Silver Ct.,Hidden Creek Apartments,Silver Ct.,13
13 Galleon Ct.,Hidden Creek Apartments,Galleon Ct.,13
13 Overview Ct.,Hidden Creek Apartments,Overview Ct.,13
13 Leeward Ct.,Hidden Creek Apartments,Leeward Ct.,13
13 Staysail Ct.,Hidden Creek Apartments,Staysail Ct.,13
14 Mystyc Ct.,Hidden Creek Apartments,Mystyc Ct.,14
14 Silver Ct.,Hidden Creek Apartments,Silver Ct.,14
14 Galleon Ct.,Hidden Creek Apartments,Galleon Ct.,14
14 Overview Ct.,Hidden Creek Apartments,Overview Ct.,14
14 Leeward Ct.,Hidden Creek Apartments,Leeward Ct.,14
14 Staysail Ct.,Hidden Creek Apartments,Staysail Ct.,14
15 Mystyc Ct.,Hidden Creek Apartments,Mystyc Ct.,15
15 Silver Ct.,Hidden Creek Apartments,Silver Ct.,15
15 Galleon Ct.,Hidden Creek Apartments,Galleon Ct.,15
15 Overview Ct.,Hidden Creek Apartments,Overview Ct.,15
15 Leeward Ct.,Hidden Creek Apartments,Leeward Ct.,15
15 Staysail Ct.,Hidden Creek Apartments,Staysail Ct.,15
16 Mystyc Ct.,Hidden Creek Apartments,Mystyc Ct.,16
16 Silver Ct.,Hidden Creek Apartments,Silver Ct.,16
16 Galleon Ct.,Hidden Creek Apartments,Galleon Ct.,16
16 Overview Ct.,Hidden Creek Apartments,Overview Ct.,16
16 Leeward Ct.,Hidden Creek Apartments,Leeward Ct.,16
16 Staysail Ct.,Hidden Creek Apartments,Staysail Ct.,16
17 Mystyc Ct.,Hidden Creek Apartments,Mystyc Ct.,17
17 Silver Ct.,Hidden Creek Apartments,Silver Ct.,17
17 Galleon Ct.,Hidden Creek Apartments,Galleon Ct.,17
17 Overview Ct.,Hidden Creek Apartments,Overview Ct.,17
17 Leeward Ct.,Hidden Creek Apartments,Leeward Ct.,17
17 Staysail Ct.,Hidden Creek Apartments,Staysail Ct.,17
18 Mystyc Ct.,Hidden Creek Apartments,Mystyc Ct.,18
18 Silver Ct.,Hidden Creek Apartments,Silver Ct.,18
18 Galleon Ct.,Hidden Creek Apartments,Galleon Ct.,18
18 Overview Ct.,Hidden Creek Apartments,Overview Ct.,18
18 Leeward Ct.,Hidden Creek Apartments,Leeward Ct.,18
18 Staysail Ct.,Hidden Creek Apartments,Staysail Ct.,18
19 Mystyc Ct.,Hidden Creek Apartments,Mystyc Ct.,19
19 Silver Ct.,Hidden Creek Apartments,Silver Ct.,19
19 Galleon Ct.,Hidden Creek Apartments,Galleon Ct.,19
19 Overview Ct.,Hidden Creek Apartments,Overview Ct.,19
19 Leeward Ct.,Hidden Creek Apartments,Leeward Ct.,19
19 Staysail Ct.,Hidden Creek Apartments,Staysail Ct.,19
20 Mystyc Ct.,Hidden Creek Apartments,Mystyc Ct.,20
20 Silver Ct.,Hidden Creek Apartments,Silver Ct.,20
20 Galleon Ct.,Hidden Creek Apartments,Galleon Ct.,20
20 Overview Ct.,Hidden Creek Apartments,Overview Ct.,20
20 Leeward Ct.,Hidden Creek Apartments,Leeward Ct.,20
20 Staysail Ct.,Hidden Creek Apartments,Staysail Ct.,20
21 Mystyc Ct.,Hidden Creek Apartments,Mystyc Ct.,21
21 Silver Ct.,Hidden Creek Apartments,Silver Ct.,21
21 Galleon Ct.,Hidden Creek Apartments,Galleon Ct.,21
21 Overview Ct.,Hidden Creek Apartments,Overview Ct.,21
21 Leeward Ct.,Hidden Creek Apartments,Leeward Ct.,21
21 Staysail Ct.,Hidden Creek Apartments,Staysail Ct.,21
22 Mystyc Ct.,Hidden Creek Apartments,Mystyc Ct.,22
22 Silver Ct.,Hidden Creek Apartments,Silver Ct.,22
22 Galleon Ct.,Hidden Creek Apartments,Galleon Ct.,22
22 Overview Ct.,Hidden Creek Apartments,Overview Ct.,22
22 Leeward Ct.,Hidden Creek Apartments,Leeward Ct.,22
22 Staysail Ct.,Hidden Creek Apartments,Staysail Ct.,22
23 Mystyc Ct.,Hidden Creek Apartments,Mystyc Ct.,23
23 Silver Ct.,Hidden Creek Apartments,Silver Ct.,23
23 Galleon Ct.,Hidden Creek Apartments,Galleon Ct.,23
23 Overview Ct.,Hidden Creek Apartments,Overview Ct.,23
23 Leeward Ct.,Hidden Creek Apartments,Leeward Ct.,23
23 Staysail Ct.,Hidden Creek Apartments,Staysail Ct.,23
24 Mystyc Ct.,Hidden Creek Apartments,Mystyc Ct.,24
24 Silver Ct.,Hidden Creek Apartments,Silver Ct.,24
24 Galleon Ct.,Hidden Creek Apartments,Galleon Ct.,24
24 Overview Ct.,Hidden Creek Apartments,Overview Ct.,24
24 Leeward Ct.,Hidden Creek Apartments,Leeward Ct.,24
24 Staysail Ct.,Hidden Creek Apartments,Staysail Ct.,24
25 Mystyc Ct.,Hidden Creek Apartments,Mystyc Ct.,25
25 Silver Ct.,Hidden Creek Apartments,Silver Ct.,25
25 Galleon Ct.,Hidden Creek Apartments,Galleon Ct.,25
25 Overview Ct.,Hidden Creek Apartments,Overview Ct.,25
25 Staysail Ct.,Hidden Creek Apartments,Staysail Ct.,25
26 Mystyc Ct.,Hidden Creek Apartments,Mystyc Ct.,26
26 Silver Ct.,Hidden Creek Apartments,Silver Ct.,26
26 Galleon Ct.,Hidden Creek Apartments,Galleon Ct.,26
26 Overview Ct.,Hidden Creek Apartments,Overview Ct.,26
26 Staysail Ct.,Hidden Creek Apartments,Staysail Ct.,26
27 Mystyc Ct.,Hidden Creek Apartments,Mystyc Ct.,27
27 Silver Ct.,Hidden Creek Apartments,Silver Ct.,27
27 Galleon Ct.,Hidden Creek Apartments,Galleon Ct.,27
27 Overview Ct.,Hidden Creek Apartments,Overview Ct.,27
27 Staysail Ct.,Hidden Creek Apartments,Staysail Ct.,27
28 Mystyc Ct.,Hidden Creek Apartments,Mystyc Ct.,28
28 Silver Ct.,Hidden Creek Apartments,Silver Ct.,28
28 Galleon Ct.,Hidden Creek Apartments,Galleon Ct.,28
28 Overview Ct.,Hidden Creek Apartments,Overview Ct.,28
28 Staysail Ct.,Hidden Creek Apartments,Staysail Ct.,28
29 Mystyc Ct.,Hidden Creek Apartments,Mystyc Ct.,29
29 Silver Ct.,Hidden Creek Apartments,Silver Ct.,29
29 Galleon Ct.,Hidden Creek Apartments,Galleon Ct.,29
29 Overview Ct.,Hidden Creek Apartments,Overview Ct.,29
29 Staysail Ct.,Hidden Creek Apartments,Staysail Ct.,29
30 Mystyc Ct.,Hidden Creek Apartments,Mystyc Ct.,30
30 Silver Ct.,Hidden Creek Apartments,Silver Ct.,30
30 Galleon Ct.,Hidden Creek Apartments,Galleon Ct.,30
30 Overview Ct.,Hidden Creek Apartments,Overview Ct.,30
30 Staysail Ct.,Hidden Creek Apartments,Staysail Ct.,30
31 Mystyc Ct.,Hidden Creek Apartments,Mystyc Ct.,31
31 Silver Ct.,Hidden Creek Apartments,Silver Ct.,31
31 Galleon Ct.,Hidden Creek Apartments,Galleon Ct.,31
31 Overview Ct.,Hidden Creek Apartments,Overview Ct.,31
31 Staysail Ct.,Hidden Creek Apartments,Staysail Ct.,31
32 Mystyc Ct.,Hidden Creek Apartments,Mystyc Ct.,32
32 Silver Ct.,Hidden Creek Apartments,Silver Ct.,32
32 Galleon Ct.,Hidden Creek Apartments,Galleon Ct.,32
32 Overview Ct.,Hidden Creek Apartments,Overview Ct.,32
32 Staysail Ct.,Hidden Creek Apartments,Staysail Ct.,32
33 Galleon Ct.,Hidden Creek Apartments,Galleon Ct.,33
33 Overview Ct.,Hidden Creek Apartments,Overview Ct.,33
33 Staysail Ct.,Hidden Creek Apartments,Staysail Ct.,33
34 Galleon Ct.,Hidden Creek Apartments,Galleon Ct.,34
34 Overview Ct.,Hidden Creek Apartments,Overview Ct.,34
34 Staysail Ct.,Hidden Creek Apartments,Staysail Ct.,34
35 Galleon Ct.,Hidden Creek Apartments,Galleon Ct.,35
35 Overview Ct.,Hidden Creek Apartments,Overview Ct.,35
35 Staysail Ct.,Hidden Creek Apartments,Staysail Ct.,35
36 Galleon Ct.,Hidden Creek Apartments,Galleon Ct.,36
36 Overview Ct.,Hidden Creek Apartments,Overview Ct.,36
36 Staysail Ct.,Hidden Creek Apartments,Staysail Ct.,36
37 Galleon Ct.,Hidden Creek Apartments,Galleon Ct.,37
37 Overview Ct.,Hidden Creek Apartments,Overview Ct.,37
37 Staysail Ct.,Hidden Creek Apartments,Staysail Ct.,37
38 Galleon Ct.,Hidden Creek Apartments,Galleon Ct.,38
38 Overview Ct.,Hidden Creek Apartments,Overview Ct.,38
38 Staysail Ct.,Hidden Creek Apartments,Staysail Ct.,38
39 Galleon Ct.,Hidden Creek Apartments,Galleon Ct.,39
39 Overview Ct.,Hidden Creek Apartments,Overview Ct.,39
39 Staysail Ct.,Hidden Creek Apartments,Staysail Ct.,39
40 Galleon Ct.,Hidden Creek Apartments,Galleon Ct.,40
40 Overview Ct.,Hidden Creek Apartments,Overview Ct.,40
40 Staysail Ct.,Hidden Creek Apartments,Staysail Ct.,40
41 Overview Ct.,Hidden Creek Apartments,Overview Ct.,41
41 Staysail Ct.,Hidden Creek Apartments,Staysail Ct.,41
42 Overview Ct.,Hidden Creek Apartments,Overview Ct.,42
42 Staysail Ct.,Hidden Creek Apartments,Staysail Ct.,42
43 Overview Ct.,Hidden Creek Apartments,Overview Ct.,43
43 Staysail Ct.,Hidden Creek Apartments,Staysail Ct.,43
44 Overview Ct.,Hidden Creek Apartments,Overview Ct.,44
44 Staysail Ct.,Hidden Creek Apartments,Staysail Ct.,44
45 Overview Ct.,Hidden Creek Apartments,Overview Ct.,45
45 Staysail Ct.,Hidden Creek Apartments,Staysail Ct.,45
46 Overview Ct.,Hidden Creek Apartments,Overview Ct.,46
46 Staysail Ct.,Hidden Creek Apartments,Staysail Ct.,46
47 Overview Ct.,Hidden Creek Apartments,Overview Ct.,47
47 Staysail Ct.,Hidden Creek Apartments,Staysail Ct.,47
48 Overview Ct.,Hidden Creek Apartments,Overview Ct.,48
48 Staysail Ct.,Hidden Creek Apartments,Staysail Ct.,48
49 Overview Ct.,Hidden Creek Apartments,Overview Ct.,49
50 Overview Ct.,Hidden Creek Apartments,Overview Ct.,50
51 Overview Ct.,Hidden Creek Apartments,Overview Ct.,51
52 Overview Ct.,Hidden Creek Apartments,Overview Ct.,52
53 Overview Ct.,Hidden Creek Apartments,Overview Ct.,53
54 Overview Ct.,Hidden Creek Apartments,Overview Ct.,54
55 Overview Ct.,Hidden Creek Apartments,Overview Ct.,55
56 Overview Ct.,Hidden Creek Apartments,Overview Ct.,56
57 Overview Ct.,Hidden Creek Apartments,Overview Ct.,57
58 Overview Ct.,Hidden Creek Apartments,Overview Ct.,58
59 Overview Ct.,Hidden Creek Apartments,Overview Ct.,59
60 Overview Ct.,Hidden Creek Apartments,Overview Ct.,60
1 Lakehurst Park Apartments,Lakehurst Park Apartments,Lakehurst Park Apartments,1
2 Bove Ln.,Lakehurst Park Apartments,Bove Ln.,2
1 Bove Ln.,Lakehurst Park Apartments,Bove Ln.,1
4 Bove Ln.,Lakehurst Park Apartments,Bove Ln.,4
3 Bove Ln.,Lakehurst Park Apartments,Bove Ln.,3
6 Bove Ln.,Lakehurst Park Apartments,Bove Ln.,6
5 Bove Ln.,Lakehurst Park Apartments,Bove Ln.,5
8 Bove Ln.,Lakehurst Park Apartments,Bove Ln.,8
7 Bove Ln.,Lakehurst Park Apartments,Bove Ln.,7
10 Bove Ln.,Lakehurst Park Apartments,Bove Ln.,10
9 Bove Ln.,Lakehurst Park Apartments,Bove Ln.,9
12 Bove Ln.,Lakehurst Park Apartments,Bove Ln.,12
11 Bove Ln.,Lakehurst Park Apartments,Bove Ln.,11
14 Bove Ln.,Lakehurst Park Apartments,Bove Ln.,14
13 Bove Ln.,Lakehurst Park Apartments,Bove Ln.,13
16 Bove Ln.,Lakehurst Park Apartments,Bove Ln.,16
18 Bove Ln.,Lakehurst Park Apartments,Bove Ln.,18
20 Bove Ln.,Lakehurst Park Apartments,Bove Ln.,20
22 Bove Ln.,Lakehurst Park Apartments,Bove Ln.,22
24 Bove Ln.,Lakehurst Park Apartments,Bove Ln.,24
26 Bove Ln.,Lakehurst Park Apartments,Bove Ln.,26
28 Bove Ln.,Lakehurst Park Apartments,Bove Ln.,28
30 Bove Ln.,Lakehurst Park Apartments,Bove Ln.,30
32 Bove Ln.,Lakehurst Park Apartments,Bove Ln.,32
